{
    "FOOD": {
        "prior": 0.37341772151898733
    },
    "COMMUTING": {
        "prior": 0.0893987341772152
    },
    "TECHNOLOGY": {
        "prior": 0.09177215189873418
    },
    "LIVING": {
        "prior": 0.05221518987341772
    },
    "ENTERTAINMENT": {
        "prior": 0.07278481012658228
    },
    "HOBBIES": {
        "prior": 0.049841772151898736
    },
    "HEALTH": {
        "prior": 0.03164556962025317
    },
    "CLOTHING": {
        "prior": 0.022943037974683545
    },
    "HOUSEHOLD-ITEMS": {
        "prior": 0.055379746835443035
    },
    "INVESTING": {
        "prior": 0.01819620253164557
    },
    "UNCATEGORIZED": {
        "prior": 0.03560126582278481
    },
    "OTHER-INCOME": {
        "prior": 0.08465189873417721
    },
    "SALARY": {
        "prior": 0.022151898734177215
    },
    "": {
        "prior": 0.0
    },
    "NET": {
        "prior": 0.0
    }
}